"OnOff","Zone","Latitude Degree","North or South","Longtitude Degree","East or West","Latitude Minute","Latitude Minute1","Longtitude Minute","Longtitude Minute1","Radius(Meter)"
"1","1","59","0","18","0","42.00","75.00","32.00","65.00","65000"
"1","1","59","0","17","0","15.00","27.00","51.00","08.00","60000"
"1","2","57","0","18","0","29.00","44.00","31.00","89.00","80000"
"1","6","59","0","17","0","28.00","68.00","03.00","39.00","100000"
"1","10","55","0","13","0","53.00","39.00","36.00","71.00","90000"
"1","11","57","0","15","0","01.00","28.00","17.00","27.00","100000"
"1","5","59","0","14","0","34.00","43.00","14.00","38.00","100000"
"1","8","58","0","12","0","27.00","47.00","48.00","82.00","100000"
"1","7","57","0","18","0","30.00","86.00","32.00","19.00","20000"
"1","9","57","0","12","0","01.00","00.00","31.00","34.00","80000"
"1","4","60","0","15","0","50.00","22.00","07.00","78.00","100000"
"1","3","65","0","18","0","20.00","09.00","24.00","18.00","100000"
"0","255","0","0","0","0","00.00","00.00","00.00","00.00","0"
"0","255","0","0","0","0","00.00","00.00","00.00","00.00","0"
"0","255","0","0","0","0","00.00","00.00","00.00","00.00","0"
"0","255","0","0","0","0","00.00","00.00","00.00","00.00","0"
"0","255","0","0","0","0","00.00","00.00","00.00","00.00","0"
"0","255","0","0","0","0","00.00","00.00","00.00","00.00","0"
"0","255","0","0","0","0","00.00","00.00","00.00","00.00","0"
"0","255","0","0","0","0","00.00","00.00","00.00","00.00","0"
"0","255","0","0","0","0","00.00","00.00","00.00","00.00","0"
"0","255","0","0","0","0","00.00","00.00","00.00","00.00","0"
"0","255","0","0","0","0","00.00","00.00","00.00","00.00","0"
"0","255","0","0","0","0","00.00","00.00","00.00","00.00","0"
"0","255","0","0","0","0","00.00","00.00","00.00","00.00","0"
"0","255","0","0","0","0","00.00","00.00","00.00","00.00","0"
"0","255","0","0","0","0","00.00","00.00","00.00","00.00","0"
"0","255","0","0","0","0","00.00","00.00","00.00","00.00","0"
"0","255","0","0","0","0","00.00","00.00","00.00","00.00","0"
"0","255","0","0","0","0","00.00","00.00","00.00","00.00","0"
"0","255","0","0","0","0","00.00","00.00","00.00","00.00","0"
"0","255","0","0","0","0","00.00","00.00","00.00","00.00","0"
