"No.","Name","Roaming Channel Member",
"1","Roaming SM0","Botkyrka 2 U|Brandbergen U|Dalaro U|Galo U|Johanneshov U|Hogdalen V|Sigtuna U|Taby 2 U|Upplands Vasby U|Almsta 1 V|Almsta 2 U|Haninge 4|Stockholm|Rimbo U|Varmdo U|Djuro U|Tyreso U+|Arlanda U"
"2","Roaming SM2","Boden 2|Kalix 1|Kalix-Vattentorn|Kalix 3|Kiruna 2|Lulea 2|Pitea 3|Seskaro|Vannas 3|Skelleftea 2 V"
"3","Roaming SM3","Follinge|Gavle 1|Hudiksvall 1|Hudiksvall 2|Soderhamn 3|Ornskoldsvik 1|Ostersund 3|Ornskoldsvik 4 U|Gavle 1 U"
"4","Roaming SM4","Borlange 2|Eksharad HI|Falun 2|Karlskoga 1|Karlskoga 2|Leksand 1|Leksand 3|Ludvika 3 V|Malung VH|Orebro 2|Sunne 2 HI|Vansbro 3|Karlskoga 2 U"
"5","Roaming SM5","Finspang 3|Flen 1|Jarlasa 2 V|Knivsta|Linkoping 1|Norrkoping 4|Norrkoping 7 U|Nykoping 2|Sala 2|Stigtomta LF|Uppsala 1|Uppsala 3 H|Uppsala 4|Uppsala 5|Uppsala 6"
"6","Roaming SM6","Floda 2|Halmstad 3 U|Stenungsund 3|Trollhattan 3|Uddevalla 2|Karlsborg 2 UL"
"7","Roaming SM7","Aneby 3/Sjobo|Bzhlm/Hbg 2|Eksharad HI|Emmaboda 2|Jkp 3/O-ljunga|Malmo 1|Malmo 1 UI|Savsjo"
"8","Roaming LA","Aamot|Bardufoss|Drammen|Follo|Geilo|Grimstad|Harstad|Hvittingen|Kolsas|Kongsvinger 1|Mo i Rana|Mosjoen|Narvik|Oppegaard|Sandnessjoen|Skien Vealoes|Stavanger|Tromso|Vangsasen|Haugesund 1 U|Mo_i_Rana 1 U|Kongsberg 1 U"
"9","Roaming OH","Aanekoski|Espoo|Hameenlinna|Helsinki|Imatra|Jamsa Himos|Jyvaskyla|Kokkola|Kotka|Kouvola|Kuusamo|Lahti|Lappeenranta|Lohja|Mikkeli|Nurmijarvi|Oulu 1|Oulu 2|Pori|Porvoo|Raasepori|Tampere|Tervola|Vantaa|Viitasaari|Ylivieska"
"10","Roaming OH2","Espoo 1 U|Helsinki 1 U"
"11","Roaming OH3","Tampere 2 UF|Virrat U|Lahti 1 U|Tampere 3 UF"
"12","Roaming OZ","Aarhus S|Frederikshavn|Gorlose|Herlev|Regnemark|Helsingor 2|Vodskov|Fredrikstad 4|Gilleleje|Aalborg 3 +|Yding 4 U"
"13","Roaming SM6 Gbg","Guldheden 3 U|Kortedala 2 V|Ockero 2 U"
"14","Roaming SM6 Ovri","Halmstad 3 U|Trollhattan 1 V|Bengtsfors 1 V|Bengtsfors 2 U|Skara 3 U|Boras 3 U|Alingsas 3 U|Tanumshede VS|Skene 2 UHI|Stenungsun 2 VSE|Kungshamn VS|Uddevalla 1 VS|Dingle U"
"15","Roaming OH6","Saarijarvi UF"
"22","Roaming SM7 Skan","Sjobo U|Gladsax 1 VI|Lund 2 U|Soderasen 2 U|Kristianstad 2 U|Hoor U|Malmo 2 U|Tomelilla U|Malmo 1 UI"
"24","Roaming OH0","Jomala U"
"25","Roaming SM7 Ovri","Vaxjo 2 U|Olofstrom 2 UI|Nassjo 4 U|Nassjo 1 V|Eksjo U|Algutsrum 2 UI|Sodra_Vi 1 U|Vastervik 2 U|Ekenassjon 2 V|Ekenassjon 1 VH|Linderod VI"
